CITY/TOWN,AREA
MOMBASA,PORT REITZ
MOMBASA,KIPEVU
MOMBASA,AIRPORT
MOMBASA,CHANGAMWE
MOMBASA,CHAANI
MOMBASA,JOMVU KUU
MOMBASA,MIRITINI
MOMBASA,MIKINDANI
MOMBASA,MJAMBERE
MOMBASA,JUNDA
MOMBASA,BAMBURI
MOMBASA,MWAKIRUNGE
MOMBASA,MTOPANGA
MOMBASA,MAGOGONI
MOMBASA,SHANZU
MOMBASA,FRERE TOWN
MOMBASA,ZIWA LA NG'OMBE
MOMBASA,MKOMANI
MOMBASA,KONGOWEA
MOMBASA,KADZANDANI
MOMBASA,MTONGWE
MOMBASA,SHIKA ADABU
MOMBASA,BOFU
MOMBASA,LIKONI
MOMBASA,TIMBWANI
MOMBASA,MJI WA KALE/MAKADARA
MOMBASA,TUDOR
MOMBASA,TONONOKA
MOMBASA,SHIMANZI/GANJONI
MOMBASA,MAJENGO
KWALE,GOMBATOBONGWE
KWALE,UKUNDA
KWALE,KINONDO
KWALE,RAMISI
KWALE,PONGWEKIKONENI
KWALE,DZOMBO
KWALE,MWERENI
KWALE,VANGA
KWALE,TSIMBA GOLINI
KWALE,WAA
KWALE,TIWI
KWALE,KUBO SOUTH
KWALE,MKONGANI
KWALE,NADAVAYA
KWALE,PUMA
KWALE,KINANGO
KWALE,MACKINNON-ROAD
KWALE,CHENGONI/SAMBURU
KWALE,MWAVUMBO
KWALE,KASEMENI
KILIFI,TEZO
KILIFI,SOKONI
KILIFI,KIBARANI
KILIFI,DABASO
KILIFI,MATSANGONI
KILIFI,WATAMU
KILIFI,MNARANI
KILIFI,JUNJU
KILIFI,MWARAKAYA
KILIFI,SHIMO LA TEWA
KILIFI,CHASIMBA
KILIFI,MTEPENI
KILIFI,MARIAKANI
KILIFI,KAYAFUNGO
KILIFI,KALOLENI
KILIFI,MWANAMWINGA
KILIFI,MWAWESA
KILIFI,RURUMA
KILIFI,KAMBE/RIBE
KILIFI,RABAI/KISURUTINI
KILIFI,GANZE
KILIFI,BAMBA
KILIFI,JARIBUNI
KILIFI,SOKOKE
KILIFI,JILORE
KILIFI,KAKUYUNI
KILIFI,GANDA
KILIFI,MALINDI TOWN
KILIFI,SHELLA
KILIFI,MARAFA
KILIFI,MAGARINI
KILIFI,GONGONI
KILIFI,ADU
KILIFI,GARASHI
KILIFI,SABAKI
TANA RIVER,KIPINI EAST
TANA RIVER,GARSEN SOUTH
TANA RIVER,KIPINI WEST
TANA RIVER,GARSEN CENTRAL
TANA RIVER,GARSEN WEST
TANA RIVER,GARSEN NORTH
TANA RIVER,KINAKOMBA
TANA RIVER,MIKINDUNI
TANA RIVER,CHEWANI
TANA RIVER,WAYU
TANA RIVER,CHEWELE
TANA RIVER,BURA
TANA RIVER,BANGALE
TANA RIVER,SALA
TANA RIVER,MADOGO
LAMU,FAZA
LAMU,KIUNGA
LAMU,BASUBA
LAMU,SHELLA
LAMU,MKOMANI
LAMU,HINDI
LAMU,MKUNUMBI
LAMU,HONGWE
LAMU,WITU
LAMU,BAHARI
TAITA TAVETA,CHALA
TAITA TAVETA,MAHOO
TAITA TAVETA,BOMENI
TAITA TAVETA,MBOGHONI
TAITA TAVETA,MATA
TAITA TAVETA,WUNDANYI/MBALE
TAITA TAVETA,WERUGHA
TAITA TAVETA,WUMINGU/KISHUSHE
TAITA TAVETA,MWANDA/MGANGE
TAITA TAVETA,RONG'E
TAITA TAVETA,MWATATE
TAITA TAVETA,BURA
TAITA TAVETA,CHAWIA
TAITA TAVETA,WUSI/KISHAMBA
TAITA TAVETA,MBOLOLO
TAITA TAVETA,SAGALLA
TAITA TAVETA,KALOLENI
TAITA TAVETA,MARUNGU
TAITA TAVETA,KASIGAU
TAITA TAVETA,NGOLIA
GARISSA,WABERI
GARISSA,GALBET
GARISSA,TOWNSHIP
GARISSA,IFTIN
GARISSA,BALAMBALA
GARISSA,DANYERE
GARISSA,JARA JARA
GARISSA,SAKA
GARISSA,SANKURI
GARISSA,MODOGASHE
GARISSA,BENANE
GARISSA,GOREALE
GARISSA,MAALIMIN
GARISSA,SABENA
GARISSA,BARAKI
GARISSA,DERTU
GARISSA,DADAAB
GARISSA,LABASIGALE
GARISSA,DAMAJALE
GARISSA,LIBOI
GARISSA,ABAKAILE
GARISSA,BURA
GARISSA,DEKAHARIA
GARISSA,JARAJILA
GARISSA,FAFI
GARISSA,NANIGHI
GARISSA,HULUGHO
GARISSA,SANGAILU
GARISSA,IJARA
GARISSA,MASALANI
WAJIR,GURAR
WAJIR,BUTE
WAJIR,KORONDILE
WAJIR,MALKAGUFU
WAJIR,BATALU
WAJIR,DANABA
WAJIR,GODOMA
WAJIR,WAGBERI
WAJIR,TOWNSHIP
WAJIR,BARWAGO
WAJIR,KHOROF/HARAR
WAJIR,ELBEN
WAJIR,SARMAN
WAJIR,TARBAJ
WAJIR,WARGADUD
WAJIR,ARBAJAHAN
WAJIR,HADADO/ATHIBOHOL
WAJIR,ADEMASAJIDE
WAJIR,WAGALLA/GANYURE
WAJIR,ELDAS
WAJIR,DELLA
WAJIR,LAKOLEY SOUTH/BASIR
WAJIR,ELNUR/TULA TULA
WAJIR,BENANE
WAJIR,BURDER
WAJIR,DADAJA BULLA
WAJIR,HABASSWEIN
WAJIR,LAGBOGHOL SOUTH
WAJIR,IBRAHIM URE
WAJIR,DIIF
MANDERA,TAKABA SOUTH
MANDERA,TAKABA
MANDERA,LAG SURE
MANDERA,DANDU
MANDERA,GITHER
MANDERA,BANISSA
MANDERA,DERKHALE
MANDERA,GUBA
MANDERA,MALKAMARI
MANDERA,KILIWEHIRI
MANDERA,ASHABITO
MANDERA,GUTICHA
MANDERA,MOROTHILE
MANDERA,RHAMU
MANDERA,RHAMU-DIMTU
MANDERA,WARGUDUD
MANDERA,KUTULO
MANDERA,ELWAK SOUTH
MANDERA,ELWAK NORTH
MANDERA,SHIMBIR FATUMA
MANDERA,ARABIA
MANDERA,BULLA MPYA
MANDERA,KHALALIO
MANDERA,NEBOI
MANDERA,TOWNSHIP
MANDERA,LIBEHIA
MANDERA,FINO
MANDERA,LAFEY
MANDERA,WARANKARA
MANDERA,ALUNGO GOF
MARSABIT,BUTIYE
MARSABIT,SOLOLO
MARSABIT,HEILU-MANYATTA
MARSABIT,GOLBO
MARSABIT,MOYALE TOWNSHIP
MARSABIT,URAN
MARSABIT,OBBU
MARSABIT,ILLERET
MARSABIT,NORTH HORR
MARSABIT,DUKANA
MARSABIT,MAIKONA
MARSABIT,TURBI
MARSABIT,SAGANTE/JALDESA
MARSABIT,KARARE
MARSABIT,MARSABIT CENTRAL
MARSABIT,LOIYANGALANI
MARSABIT,KARGI/SOUTH HORR
MARSABIT,KORR/NGURUNIT
MARSABIT,LOG LOGO
MARSABIT,LAISAMIS
ISIOLO,WABERA
ISIOLO,BULLA PESA
ISIOLO,CHARI
ISIOLO,CHERAB
ISIOLO,NGARE MARA
ISIOLO,BURAT
ISIOLO,OLDONYIRO
ISIOLO,GARBATULLA
ISIOLO,KINNA
ISIOLO,SERICHO
MERU,MAUA
MERU,KIEGOI/ANTUBOCHIU
MERU,ATHIRU GAITI
MERU,AKACHIU
MERU,KANUNI
MERU,AKIRANG'ONDU
MERU,ATHIRU RUUJINE
MERU,IGEMBE EAST
MERU,NJIA
MERU,KANGETA
MERU,ANTUAMBUI
MERU,NTUNENE
MERU,ANTUBETWE KIONGO
MERU,NAATHU
MERU,AMWATHI
MERU,ATHWANA
MERU,AKITHII
MERU,KIANJAI
MERU,NKOMO
MERU,MBEU
MERU,THANGATHA
MERU,MIKINDURI
MERU,KIGUCHWA
MERU,MUTHARA
MERU,KARAMA
MERU,MUNICIPALITY
MERU,NTIMA EAST
MERU,NTIMA WEST
MERU,NYAKI WEST
MERU,NYAKI EAST
MERU,TIMAU
MERU,KISIMA
MERU,KIIRUA/NAARI
MERU,RUIRI/RWARERA
MERU,KIBIRICHIA
MERU,MWANGANTHIA
MERU,ABOTHUGUCHI CENTRAL
MERU,ABOTHUGUCHI WEST
MERU,KIAGU
MERU,MITUNGUU
MERU,IGOJI EAST
MERU,IGOJI WEST
MERU,ABOGETA EAST
MERU,ABOGETA WEST
MERU,NKUENE
THARAKA-NITHI,MITHERU
THARAKA-NITHI,MUTHAMBI
THARAKA-NITHI,MWIMBI
THARAKA-NITHI,GANGA
THARAKA-NITHI,CHOGORIA
THARAKA-NITHI,MARIANI
THARAKA-NITHI,KARINGANI
THARAKA-NITHI,MAGUMONI
THARAKA-NITHI,MUGWE
THARAKA-NITHI,IGAMBANG'OMBE
THARAKA-NITHI,GATUNGA
THARAKA-NITHI,MUKOTHIMA
THARAKA-NITHI,NKONDI
THARAKA-NITHI,CHIAKARIGA
THARAKA-NITHI,MARIMANTI
EMBU,RUGURU/NGANDORI
EMBU,KITHIMU
EMBU,NGINDA
EMBU,MBETI NORTH
EMBU,KIRIMARI
EMBU,GATURI SOUTH
EMBU,GATURI NORTH
EMBU,KAGAARI SOUTH
EMBU,CENTRAL  WARD
EMBU,KAGAARI NORTH
EMBU,KYENI NORTH
EMBU,KYENI SOUTH
EMBU,MWEA
EMBU,MAKIMA
EMBU,MBETI SOUTH
EMBU,MAVURIA
EMBU,KIAMBERE
EMBU,NTHAWA
EMBU,MUMINJI
EMBU,EVURORE
KITUI,NGOMENI
KITUI,KYUSO
KITUI,MUMONI
KITUI,TSEIKURU
KITUI,THARAKA
KITUI,KYOME/THAANA
KITUI,NGUUTANI
KITUI,MIGWANI
KITUI,KIOMO/KYETHANI
KITUI,CENTRAL
KITUI,KIVOU
KITUI,NGUNI
KITUI,NUU
KITUI,MUI
KITUI,WAITA
KITUI,MUTONGUNI
KITUI,KAUWI
KITUI,MATINYANI
KITUI,KWA MUTONGA/KITHUMULA
KITUI,KISASI
KITUI,MBITINI
KITUI,KWAVONZA/YATTA
KITUI,KANYANGI
KITUI,MIAMBANI
KITUI,TOWNSHIP
KITUI,KYANGWITHYA WEST
KITUI,MULANGO
KITUI,KYANGWITHYA EAST
KITUI,ZOMBE/MWITIKA
KITUI,CHULUNI
KITUI,NZAMBANI
KITUI,VOO/KYAMATU
KITUI,ENDAU/MALALANI
KITUI,MUTITO/KALIKU
KITUI,IKANGA/KYATUNE
KITUI,MUTOMO
KITUI,MUTHA
KITUI,IKUTHA
KITUI,KANZIKO
KITUI,ATHI
MACHAKOS,KIVAA
MACHAKOS,MASINGA CENTRAL
MACHAKOS,EKALAKALA
MACHAKOS,MUTHESYA
MACHAKOS,NDITHINI
MACHAKOS,NDALANI
MACHAKOS,MATUU
MACHAKOS,KITHIMANI
MACHAKOS,IKOMBE
MACHAKOS,KATANGI
MACHAKOS,KANGUNDO NORTH
MACHAKOS,KANGUNDO CENTRAL
MACHAKOS,KANGUNDO EAST
MACHAKOS,KANGUNDO WEST
MACHAKOS,TALA
MACHAKOS,MATUNGULU NORTH
MACHAKOS,MATUNGULU EAST
MACHAKOS,MATUNGULU WEST
MACHAKOS,KYELENI
MACHAKOS,MITABONI
MACHAKOS,KATHIANI CENTRAL
MACHAKOS,UPPER KAEWA/IVETI
MACHAKOS,LOWER KAEWA/KAANI
MACHAKOS,ATHI RIVER
MACHAKOS,KINANIE
MACHAKOS,MUTHWANI
MACHAKOS,SYOKIMAU/MULOLONGO
MACHAKOS,KALAMA
MACHAKOS,MUA
MACHAKOS,MUTITUNI
MACHAKOS,MACHAKOS CENTRAL
MACHAKOS,MUMBUNI NORTH
MACHAKOS,MUVUTI/KIIMA-KIMWE
MACHAKOS,KOLA
MACHAKOS,MBIUNI
MACHAKOS,MAKUTANO/ MWALA
MACHAKOS,MASII
MACHAKOS,MUTHETHENI
MACHAKOS,WAMUNYU
MACHAKOS,KIBAUNI
MAKUENI,TULIMANI
MAKUENI,MBOONI
MAKUENI,KITHUNGO/KITUNDU
MAKUENI,KISAU/KITETA
MAKUENI,WAIA/KAKO
MAKUENI,KALAWA
MAKUENI,KASIKEU
MAKUENI,MUKAA
MAKUENI,KIIMA KIU/KALANZONI
MAKUENI,UKIA
MAKUENI,KEE
MAKUENI,KILUNGU
MAKUENI,ILIMA
MAKUENI,WOTE
MAKUENI,MUVAU/KIKUUMINI
MAKUENI,MAVINDINI
MAKUENI,KITISE/KITHUKI
MAKUENI,KATHONZWENI
MAKUENI,NZAUI/KILILI/KALAMBA
MAKUENI,MBITINI
MAKUENI,MAKINDU
MAKUENI,NGUUMO
MAKUENI,KIKUMBULYU NORTH
MAKUENI,KIKUMBULYU SOUTH
MAKUENI,NGUU/MASUMBA
MAKUENI,EMALI/MULALA
MAKUENI,MASONGALENI
MAKUENI,MTITO ANDEI
MAKUENI,THANGE
MAKUENI,IVINGONI/NZAMBANI
NYANDARUA,ENGINEER
NYANDARUA,GATHARA
NYANDARUA,NORTH KINANGOP
NYANDARUA,MURUNGARU
NYANDARUA,NJABINI\KIBURU
NYANDARUA,NYAKIO
NYANDARUA,GITHABAI
NYANDARUA,MAGUMU
NYANDARUA,WANJOHI
NYANDARUA,KIPIPIRI
NYANDARUA,GETA
NYANDARUA,GITHIORO
NYANDARUA,KARAU
NYANDARUA,KANJUIRI RIDGE
NYANDARUA,MIRANGINE
NYANDARUA,KAIMBAGA
NYANDARUA,RURII
NYANDARUA,GATHANJI
NYANDARUA,GATIMU
NYANDARUA,WERU
NYANDARUA,CHARAGITA
NYANDARUA,LESHAU PONDO
NYANDARUA,KIRIITA
NYANDARUA,CENTRAL
NYANDARUA,SHAMATA
NYERI,DEDAN KIMANTHI
NYERI,WAMAGANA
NYERI,AGUTHI/GAAKI
NYERI,MWEIGA
NYERI,NAROMORU KIAMATHAGA
NYERI,MWIYOGO/ENDARASHA
NYERI,MUGUNDA
NYERI,GATARAKWA
NYERI,THEGU RIVER
NYERI,KABARU
NYERI,GAKAWA
NYERI,RUGURU
NYERI,MAGUTU
NYERI,IRIAINI
NYERI,KONYU
NYERI,KIRIMUKUYU
NYERI,KARATINA TOWN
NYERI,MAHIGA
NYERI,IRIA-INI
NYERI,CHINGA
NYERI,KARIMA
NYERI,GIKONDI
NYERI,RUGI
NYERI,MUKURWE-INI WEST
NYERI,MUKURWE-INI CENTRAL
NYERI,KIGANJO/MATHARI
NYERI,RWARE
NYERI,GATITU/MURUGURU
NYERI,RURING'U
NYERI,KAMAKWA/MUKARO
KIRINYAGA,MUTITHI
KIRINYAGA,KANGAI
KIRINYAGA,THIBA
KIRINYAGA,WAMUMU
KIRINYAGA,NYANGATI
KIRINYAGA,MURINDUKO
KIRINYAGA,GATHIGIRIRI
KIRINYAGA,TEBERE
KIRINYAGA,KABARE
KIRINYAGA,BARAGWI
KIRINYAGA,NJUKIINI
KIRINYAGA,NGARIAMA
KIRINYAGA,KARUMANDI
KIRINYAGA,MUKURE
KIRINYAGA,KIINE
KIRINYAGA,KARITI
KIRINYAGA,MUTIRA
KIRINYAGA,KANYEKI-INI
KIRINYAGA,KERUGOYA
KIRINYAGA,INOI
MURANG'A,KANYENYAINI
MURANG'A,MUGURU
MURANG'A,RWATHIA
MURANG'A,GITUGI
MURANG'A,KIRU
MURANG'A,KAMACHARIA
MURANG'A,WANGU
MURANG'A,MUGOIRI
MURANG'A,MBIRI
MURANG'A,TOWNSHIP
MURANG'A,MURARANDIA
MURANG'A,GATURI
MURANG'A,KAHUMBU
MURANG'A,MUTHITHI
MURANG'A,KIGUMO
MURANG'A,KANGARI
MURANG'A,KINYONA
MURANG'A,KIMORORI/WEMPA
MURANG'A,MAKUYU
MURANG'A,KAMBITI
MURANG'A,KAMAHUHA
MURANG'A,ICHAGAKI
MURANG'A,NGINDA
MURANG'A,NG'ARARIA
MURANG'A,MURUKA
MURANG'A,KAGUNDU-INI
MURANG'A,GAICHANJIRU
MURANG'A,ITHIRU
MURANG'A,RUCHU
MURANG'A,ITHANGA
MURANG'A,KAKUZI/MITUBIRI
MURANG'A,MUGUMO-INI
MURANG'A,KIHUMBU-INI
MURANG'A,GATANGA
MURANG'A,KARIARA
KIAMBU,KIAMWANGI
KIAMBU,KIGANJO
KIAMBU,NDARUGU
KIAMBU,NGENDA
KIAMBU,GITUAMBA
KIAMBU,GITHOBOKONI
KIAMBU,CHANIA
KIAMBU,MANG'U
KIAMBU,MURERA
KIAMBU,THETA
KIAMBU,JUJA
KIAMBU,WITEITHIE
KIAMBU,KALIMONI
KIAMBU,TOWNSHIP
KIAMBU,KAMENU
KIAMBU,HOSPITAL
KIAMBU,GATUANYAGA
KIAMBU,NGOLIBA
KIAMBU,GITOTHUA
KIAMBU,BIASHARA
KIAMBU,GATONGORA
KIAMBU,KAHAWA SUKARI
KIAMBU,KAHAWA WENDANI
KIAMBU,KIUU
KIAMBU,MWIKI
KIAMBU,MWIHOKO
KIAMBU,GITHUNGURI
KIAMBU,GITHIGA
KIAMBU,IKINU
KIAMBU,NGEWA
KIAMBU,KOMOTHAI
KIAMBU,TING'ANG'A
KIAMBU,NDUMBERI
KIAMBU,RIABAI
KIAMBU,TOWNSHIP
KIAMBU,CIANDA
KIAMBU,KARURI
KIAMBU,NDENDERU
KIAMBU,MUCHATHA
KIAMBU,KIHARA
KIAMBU,GITARU
KIAMBU,MUGUGA
KIAMBU,NYADHUNA
KIAMBU,KABETE
KIAMBU,UTHIRU
KIAMBU,KARAI
KIAMBU,NACHU
KIAMBU,SIGONA
KIAMBU,KIKUYU
KIAMBU,KINOO
KIAMBU,BIBIRIONI
KIAMBU,LIMURU CENTRAL
KIAMBU,NDEIYA
KIAMBU,LIMURU EAST
KIAMBU,NGECHA TIGONI
KIAMBU,KINALE
KIAMBU,KIJABE
KIAMBU,NYANDUMA
KIAMBU,KAMBURU
KIAMBU,LARI/KIRENGA
TURKANA,KAERIS
TURKANA,LAKE ZONE
TURKANA,LAPUR
TURKANA,KAALENG/KAIKOR
TURKANA,KIBISH
TURKANA,NAKALALE
TURKANA,KAKUMA
TURKANA,LOPUR
TURKANA,LETEA
TURKANA,SONGOT
TURKANA,KALOBEYEI
TURKANA,LOKICHOGGIO
TURKANA,NANAAM
TURKANA,KERIO DELTA
TURKANA,KANG'ATOTHA
TURKANA,KALOKOL
TURKANA,LODWAR TOWNSHIP
TURKANA,KANAMKEMER
TURKANA,KOTARUK/LOBEI
TURKANA,TURKWEL
TURKANA,LOIMA
TURKANA,LOKIRIAMA/LORENGIPPI
TURKANA,KAPUTIR
TURKANA,KATILU
TURKANA,LOBOKAT
TURKANA,KALAPATA
TURKANA,LOKICHAR
TURKANA,KAPEDO/NAPEITOM
TURKANA,KATILIA
TURKANA,LOKORI/KOCHODIN
WEST POKOT,RIWO
WEST POKOT,KAPENGURIA
WEST POKOT,MNAGEI
WEST POKOT,SIYOI
WEST POKOT,ENDUGH
WEST POKOT,SOOK
WEST POKOT,SEKERR
WEST POKOT,MASOOL
WEST POKOT,LOMUT
WEST POKOT,WEIWEI
WEST POKOT,SUAM
WEST POKOT,KODICH
WEST POKOT,KAPCKOK
WEST POKOT,KASEI
WEST POKOT,KIWAWA
WEST POKOT,ALALE
WEST POKOT,CHEPARERIA
WEST POKOT,BATEI
WEST POKOT,LELAN
WEST POKOT,TAPACH
SAMBURU,LODOKEJEK
SAMBURU,SUGUTA MARMAR
SAMBURU,MARALAL
SAMBURU,LOOSUK
SAMBURU,PORO
SAMBURU,EL-BARTA
SAMBURU,NACHOLA
SAMBURU,NDOTO
SAMBURU,NYIRO
SAMBURU,ANGATA NANYOKIE
SAMBURU,BAAWA
SAMBURU,WASO
SAMBURU,WAMBA WEST
SAMBURU,WAMBA EAST
SAMBURU,WAMBA NORTH
TRANS NZOIA,KAPOMBOI
TRANS NZOIA,KWANZA
TRANS NZOIA,KEIYO
TRANS NZOIA,BIDII
TRANS NZOIA,CHEPCHOINA
TRANS NZOIA,ENDEBESS
TRANS NZOIA,MATUMBEI
TRANS NZOIA,KINYORO
TRANS NZOIA,MATISI
TRANS NZOIA,TUWANI
TRANS NZOIA,SABOTI
TRANS NZOIA,MACHEWA
TRANS NZOIA,KIMININI
TRANS NZOIA,WAITALUK
TRANS NZOIA,SIRENDE
TRANS NZOIA,HOSPITAL
TRANS NZOIA,SIKHENDU
TRANS NZOIA,NABISWA
TRANS NZOIA,SINYERERE
TRANS NZOIA,MAKUTANO
TRANS NZOIA,KAPLAMAI
TRANS NZOIA,MOTOSIET
TRANS NZOIA,CHERANGANY/SUWERWA
TRANS NZOIA,CHEPSIRO/KIPTOROR
TRANS NZOIA,SITATUNGA
UASIN GISHU,MOI'S BRIDGE
UASIN GISHU,KAPKURES
UASIN GISHU,ZIWA
UASIN GISHU,SEGERO/BARSOMBE
UASIN GISHU,KIPSOMBA
UASIN GISHU,SOY
UASIN GISHU,KUINET/KAPSUSWA
UASIN GISHU,NGENYILEL
UASIN GISHU,TAPSAGOI
UASIN GISHU,KAMAGUT
UASIN GISHU,KIPLOMBE
UASIN GISHU,KAPSAOS
UASIN GISHU,HURUMA
UASIN GISHU,TEMBELIO
UASIN GISHU,SERGOIT
UASIN GISHU,KARUNA/MEIBEKI
UASIN GISHU,MOIBEN
UASIN GISHU,KIMUMU
UASIN GISHU,KAPSOYA
UASIN GISHU,KAPTAGAT
UASIN GISHU,AINABKOI/OLARE
UASIN GISHU,SIMAT/KAPSERET
UASIN GISHU,KIPKENYO
UASIN GISHU,NGERIA
UASIN GISHU,MEGUN
UASIN GISHU,LANGAS
UASIN GISHU,RACECOURSE
UASIN GISHU,CHEPTIRET/KIPCHAMO
UASIN GISHU,TULWET/CHUIYAT
UASIN GISHU,TARAKWA
ELGEYO/MARAKWET,KAPYEGO
ELGEYO/MARAKWET,SAMBIRIR
ELGEYO/MARAKWET,ENDO
ELGEYO/MARAKWET,EMBOBUT / EMBULOT
ELGEYO/MARAKWET,LELAN
ELGEYO/MARAKWET,SENGWER
ELGEYO/MARAKWET,CHERANG'ANY/CHEBORORWA
ELGEYO/MARAKWET,MOIBEN/KUSERWO
ELGEYO/MARAKWET,KAPSOWAR
ELGEYO/MARAKWET,ARROR
ELGEYO/MARAKWET,EMSOO
ELGEYO/MARAKWET,KAMARINY
ELGEYO/MARAKWET,KAPCHEMUTWA
ELGEYO/MARAKWET,TAMBACH
ELGEYO/MARAKWET,KAPTARAKWA
ELGEYO/MARAKWET,CHEPKORIO
ELGEYO/MARAKWET,SOY NORTH
ELGEYO/MARAKWET,SOY SOUTH
ELGEYO/MARAKWET,KABIEMIT
ELGEYO/MARAKWET,METKEI
NANDI,SONGHOR/SOBA
NANDI,TINDIRET
NANDI,CHEMELIL/CHEMASE
NANDI,KAPSIMOTWO
NANDI,KABWARENG
NANDI,TERIK
NANDI,KEMELOI-MARABA
NANDI,KOBUJOI
NANDI,KAPTUMO-KABOI
NANDI,KOYO-NDURIO
NANDI,NANDI HILLS
NANDI,CHEPKUNYUK
NANDI,OL'LESSOS
NANDI,KAPCHORUA
NANDI,CHEMUNDU/KAPNG'ETUNY
NANDI,KOSIRAI
NANDI,LELMOKWO/NGECHEK
NANDI,KAPTEL/KAMOIYWO
NANDI,KIPTUYA
NANDI,CHEPKUMIA
NANDI,KAPKANGANI
NANDI,KAPSABET
NANDI,KILIBWONI
NANDI,CHEPTERWAI
NANDI,KIPKAREN
NANDI,KURGUNG/SURUNGAI
NANDI,KABIYET
NANDI,NDALAT
NANDI,KABISAGA
NANDI,SANGALO/KEBULONIK
BARINGO,TIRIOKO
BARINGO,KOLOWA
BARINGO,RIBKWO
BARINGO,SILALE
BARINGO,LOIYAMOROCK
BARINGO,TANGULBEI/KOROSSI
BARINGO,CHURO/AMAYA
BARINGO,BARWESSA
BARINGO,KABARTONJO
BARINGO,SAIMO/KIPSARAMAN
BARINGO,SAIMO/SOI
BARINGO,BARTABWA
BARINGO,KABARNET
BARINGO,SACHO
BARINGO,TENGES
BARINGO,EWALEL CHAPCHAP
BARINGO,KAPROPITA
BARINGO,MARIGAT
BARINGO,ILCHAMUS
BARINGO,MOCHONGOI
BARINGO,MUKUTANI
BARINGO,MOGOTIO
BARINGO,EMINING
BARINGO,KISANANA
BARINGO,LEMBUS
BARINGO,LEMBUS KWEN
BARINGO,RAVINE
BARINGO,MUMBERES/MAJI MAZURI
BARINGO,LEMBUS/PERKERRA
BARINGO,KOIBATEK
LAIKIPIA,OLMORAN
LAIKIPIA,RUMURUTI TOWNSHIP
LAIKIPIA,KINAMBA
LAIKIPIA,MARMANET
LAIKIPIA,IGWAMITI
LAIKIPIA,SALAMA
LAIKIPIA,NGOBIT
LAIKIPIA,TIGITHI
LAIKIPIA,THINGITHU
LAIKIPIA,NANYUKI
LAIKIPIA,UMANDE
LAIKIPIA,SOSIAN
LAIKIPIA,SEGERA
LAIKIPIA,MUKOGONDO WEST
LAIKIPIA,MUKOGONDO EAST
NAKURU,MARIASHONI
NAKURU,ELBURGON
NAKURU,TURI
NAKURU,MOLO
NAKURU,MAUNAROK
NAKURU,MAUCHE
NAKURU,KIHINGO
NAKURU,NESSUIT
NAKURU,LARE
NAKURU,NJORO
NAKURU,BIASHARA
NAKURU,HELLS GATE
NAKURU,LAKEVIEW
NAKURU,MAAI-MAHIU
NAKURU,MAIELLA
NAKURU,OLKARIA
NAKURU,NAIVASHA EAST
NAKURU,VIWANDANI
NAKURU,GILGIL
NAKURU,ELEMENTAITA
NAKURU,MBARUK/EBURU
NAKURU,MALEWA WEST
NAKURU,MURINDATI
NAKURU,AMALO
NAKURU,KERINGET
NAKURU,KIPTAGICH
NAKURU,TINET
NAKURU,KIPTORORO
NAKURU,NYOTA
NAKURU,SIRIKWA
NAKURU,KAMARA
NAKURU,SUBUKIA
NAKURU,WASEGES
NAKURU,KABAZI
NAKURU,MENENGAI WEST
NAKURU,SOIN
NAKURU,VISOI
NAKURU,MOSOP
NAKURU,SOLAI
NAKURU,DUNDORI
NAKURU,KABATINI
NAKURU,KIAMAINA
NAKURU,LANET/UMOJA
NAKURU,BAHATI
NAKURU,BARUT
NAKURU,LONDON
NAKURU,KAPTEMBWO
NAKURU,KAPKURES
NAKURU,RHODA
NAKURU,SHAABAB
NAKURU,BIASHARA
NAKURU,KIVUMBINI
NAKURU,FLAMINGO
NAKURU,MENENGAI
NAKURU,NAKURU EAST
NAROK,KILGORIS CENTRAL
NAROK,KEYIAN
NAROK,ANGATA BARIKOI
NAROK,SHANKOE
NAROK,KIMINTET
NAROK,LOLGORIAN
NAROK,ILKERIN
NAROK,OLOLMASANI
NAROK,MOGONDO
NAROK,KAPSASIAN
NAROK,OLPUSIMORU
NAROK,OLOKURTO
NAROK,NAROK TOWN
NAROK,NKARETA
NAROK,OLORROPIL
NAROK,MELILI
NAROK,MOSIRO
NAROK,ILDAMAT
NAROK,KEEKONYOKIE
NAROK,SUSWA
NAROK,MAJIMOTO/NAROOSURA
NAROK,OLOLULUNG'A
NAROK,MELELO
NAROK,LOITA
NAROK,SOGOO
NAROK,SAGAMIAN
NAROK,ILMOTIOK
NAROK,MARA
NAROK,SIANA
NAROK,NAIKARRA
KAJIADO,OLKERI
KAJIADO,ONGATA RONGAI
KAJIADO,NKAIMURUNYA
KAJIADO,OLOOLUA
KAJIADO,NGONG
KAJIADO,PURKO
KAJIADO,ILDAMAT
KAJIADO,DALALEKUTUK
KAJIADO,MATAPATO NORTH
KAJIADO,MATAPATO SOUTH
KAJIADO,KAPUTIEI NORTH
KAJIADO,KITENGELA
KAJIADO,OLOOSIRKON/SHOLINKE
KAJIADO,KENYAWA-POKA
KAJIADO,IMARORO
KAJIADO,KEEKONYOKIE
KAJIADO,ILOODOKILANI
KAJIADO,MAGADI
KAJIADO,EWUASO OONKIDONG'I
KAJIADO,MOSIRO
KAJIADO,ENTONET/LENKISIM
KAJIADO,MBIRIKANI/ESELENKEI
KAJIADO,KUKU
KAJIADO,ROMBO
KAJIADO,KIMANA
KERICHO,LONDIANI
KERICHO,KEDOWA/KIMUGUL
KERICHO,CHEPSEON
KERICHO,TENDENO/SORGET
KERICHO,KUNYAK
KERICHO,KAMASIAN
KERICHO,KIPKELION
KERICHO,CHILCHILA
KERICHO,KAPSOIT
KERICHO,AINAMOI
KERICHO,KAPKUGERWET
KERICHO,KIPCHEBOR
KERICHO,KIPCHIMCHIM
KERICHO,KAPSAOS
KERICHO,KISIARA
KERICHO,TEBESONIK
KERICHO,CHEBOIN
KERICHO,CHEMOSOT
KERICHO,LITEIN
KERICHO,CHEPLANGET
KERICHO,KAPKATET
KERICHO,WALDAI
KERICHO,KABIANGA
KERICHO,CHEPTORORIET/SERETUT
KERICHO,CHAIK
KERICHO,KAPSUSER
KERICHO,SIGOWET
KERICHO,KAPLELARTET
KERICHO,SOLIAT
KERICHO,SOIN
BOMET,NDANAI/ABOSI
BOMET,CHEMAGEL
BOMET,KIPSONOI
BOMET,KAPLETUNDO
BOMET,RONGENA/MANARET
BOMET,KONG'ASIS
BOMET,NYANGORES
BOMET,SIGOR
BOMET,CHEBUNYO
BOMET,SIONGIROI
BOMET,MERIGI
BOMET,KEMBU
BOMET,LONGISA
BOMET,KIPRERES
BOMET,CHEMANER
BOMET,SILIBWET TOWNSHIP
BOMET,NDARAWETA
BOMET,SINGORWET
BOMET,CHESOEN
BOMET,MUTARAKWA
BOMET,CHEPCHABAS
BOMET,KIMULOT
BOMET,MOGOGOSIEK
BOMET,BOITO
BOMET,EMBOMOS
KAKAMEGA,MAUTUMA
KAKAMEGA,LUGARI
KAKAMEGA,LUMAKANDA
KAKAMEGA,CHEKALINI
KAKAMEGA,CHEVAYWA
KAKAMEGA,LWANDETI
KAKAMEGA,LIKUYANI
KAKAMEGA,SANGO
KAKAMEGA,KONGONI
KAKAMEGA,NZOIA
KAKAMEGA,SINOKO
KAKAMEGA,WEST KABRAS
KAKAMEGA,CHEMUCHE
KAKAMEGA,EAST KABRAS
KAKAMEGA,BUTALI/CHEGULO
KAKAMEGA,MANDA-SHIVANGA
KAKAMEGA,SHIRUGU-MUGAI
KAKAMEGA,SOUTH KABRAS
KAKAMEGA,BUTSOTSO EAST
KAKAMEGA,BUTSOTSO SOUTH
KAKAMEGA,BUTSOTSO CENTRAL
KAKAMEGA,SHEYWE
KAKAMEGA,MAHIAKALO
KAKAMEGA,SHIRERE
KAKAMEGA,INGOSTSE-MATHIA
KAKAMEGA,SHINOYI-SHIKOMARI-
KAKAMEGA,BUNYALA WEST
KAKAMEGA,BUNYALA EAST
KAKAMEGA,BUNYALA CENTRAL
KAKAMEGA,MUMIAS CENTRAL
KAKAMEGA,MUMIAS NORTH
KAKAMEGA,ETENJE
KAKAMEGA,MUSANDA
KAKAMEGA,LUBINU/LUSHEYA
KAKAMEGA,ISONGO/MAKUNGA/MALAHA
KAKAMEGA,EAST WANGA
KAKAMEGA,KOYONZO
KAKAMEGA,KHOLERA
KAKAMEGA,KHALABA
KAKAMEGA,MAYONI
KAKAMEGA,NAMAMALI
KAKAMEGA,MARAMA WEST
KAKAMEGA,MARAMA CENTRAL
KAKAMEGA,MARENYO - SHIANDA
KAKAMEGA,MARAMA NORTH
KAKAMEGA,MARAMA SOUTH
KAKAMEGA,KISA NORTH
KAKAMEGA,KISA EAST
KAKAMEGA,KISA WEST
KAKAMEGA,KISA CENTRAL
KAKAMEGA,ISUKHA NORTH
KAKAMEGA,MURHANDA
KAKAMEGA,ISUKHA CENTRAL
KAKAMEGA,ISUKHA SOUTH
KAKAMEGA,ISUKHA EAST
KAKAMEGA,ISUKHA WEST
KAKAMEGA,IDAKHO SOUTH
KAKAMEGA,IDAKHO EAST
KAKAMEGA,IDAKHO NORTH
KAKAMEGA,IDAKHO CENTRAL
VIHIGA,LUGAGA-WAMULUMA
VIHIGA,SOUTH MARAGOLI
VIHIGA,CENTRAL MARAGOLI
VIHIGA,MUNGOMA
VIHIGA,LYADUYWA/IZAVA
VIHIGA,WEST SABATIA
VIHIGA,CHAVAKALI
VIHIGA,NORTH MARAGOLI
VIHIGA,WODANGA
VIHIGA,BUSALI
VIHIGA,SHIRU
VIHIGA,MUHUDU
VIHIGA,SHAMAKHOKHO
VIHIGA,GISAMBAI
VIHIGA,BANJA
VIHIGA,TAMBUA
VIHIGA,JEPKOYAI
VIHIGA,LUANDA TOWNSHIP
VIHIGA,WEMILABI
VIHIGA,MWIBONA
VIHIGA,LUANDA SOUTH
VIHIGA,EMABUNGO
VIHIGA,NORTH EAST BUNYORE
VIHIGA,CENTRAL BUNYORE
VIHIGA,WEST BUNYORE
BUNGOMA,CHEPTAIS
BUNGOMA,CHESIKAKI
BUNGOMA,CHEPYUK
BUNGOMA,KAPKATENY
BUNGOMA,KAPTAMA
BUNGOMA,ELGON
BUNGOMA,NAMWELA
BUNGOMA,MALAKISI/SOUTH KULISIRU
BUNGOMA,LWANDANYI
BUNGOMA,KABUCHAI/CHWELE
BUNGOMA,WEST NALONDO
BUNGOMA,BWAKE/LUUYA
BUNGOMA,MUKUYUNI
BUNGOMA,SOUTH BUKUSU
BUNGOMA,BUMULA
BUNGOMA,KHASOKO
BUNGOMA,KABULA
BUNGOMA,KIMAETI
BUNGOMA,WEST BUKUSU
BUNGOMA,SIBOTI
BUNGOMA,BUKEMBE WEST
BUNGOMA,BUKEMBE EAST
BUNGOMA,TOWNSHIP
BUNGOMA,KHALABA
BUNGOMA,MUSIKOMA
BUNGOMA,EAST SANG'ALO
BUNGOMA,MARAKARU/TUUTI
BUNGOMA,SANG'ALO WEST
BUNGOMA,MIHUU
BUNGOMA,NDIVISI
BUNGOMA,MARAKA
BUNGOMA,MISIKHU
BUNGOMA,SITIKHO
BUNGOMA,MATULO
BUNGOMA,BOKOLI
BUNGOMA,KIMILILI
BUNGOMA,KIBINGEI
BUNGOMA,MAENI
BUNGOMA,KAMUKUYWA
BUNGOMA,MBAKALO
BUNGOMA,NAITIRI/KABUYEFWE
BUNGOMA,MILIMA
BUNGOMA,NDALU/ TABANI
BUNGOMA,TONGAREN
BUNGOMA,SOYSAMBU/ MITUA
BUSIA,MALABA CENTRAL
BUSIA,MALABA NORTH
BUSIA,ANG'URAI SOUTH
BUSIA,ANG'URAI NORTH
BUSIA,ANG'URAI EAST
BUSIA,MALABA SOUTH
BUSIA,ANG'OROM
BUSIA,CHAKOL SOUTH
BUSIA,CHAKOL NORTH
BUSIA,AMUKURA WEST
BUSIA,AMUKURA EAST
BUSIA,AMUKURA CENTRAL
BUSIA,NAMBALE TOWNSHIP
BUSIA,BUKHAYO NORTH/WALTSI
BUSIA,BUKHAYO EAST
BUSIA,BUKHAYO CENTRAL
BUSIA,BUKHAYO WEST
BUSIA,MAYENJE
BUSIA,MATAYOS SOUTH
BUSIA,BUSIBWABO
BUSIA,BURUMBA
BUSIA,MARACHI WEST
BUSIA,KINGANDOLE
BUSIA,MARACHI CENTRAL
BUSIA,MARACHI EAST
BUSIA,MARACHI NORTH
BUSIA,ELUGULU
BUSIA,NAMBOBOTO NAMBUKU
BUSIA,NANGINA
BUSIA,AGENG'A NANGUBA
BUSIA,BWIRI
BUSIA,BUNYALA CENTRAL
BUSIA,BUNYALA NORTH
BUSIA,BUNYALA WEST
BUSIA,BUNYALA SOUTH
SIAYA,WEST UGENYA
SIAYA,UKWALA
SIAYA,NORTH UGENYA
SIAYA,EAST UGENYA
SIAYA,SIDINDI
SIAYA,SIGOMERE
SIAYA,UGUNJA
SIAYA,USONGA
SIAYA,WEST ALEGO
SIAYA,CENTRAL ALEGO
SIAYA,SIAYA TOWNSHIP
SIAYA,NORTH ALEGO
SIAYA,SOUTH EAST ALEGO
SIAYA,NORTH GEM
SIAYA,WEST GEM
SIAYA,CENTRAL GEM
SIAYA,YALA TOWNSHIP
SIAYA,EAST GEM
SIAYA,SOUTH GEM
SIAYA,WEST YIMBO
SIAYA,CENTRAL SAKWA
SIAYA,SOUTH SAKWA
SIAYA,YIMBO EAST
SIAYA,WEST SAKWA
SIAYA,NORTH SAKWA
SIAYA,EAST ASEMBO
SIAYA,WEST ASEMBO
SIAYA,NORTH UYOMA
SIAYA,SOUTH UYOMA
SIAYA,WEST UYOMA
KISUMU,KAJULU
KISUMU,KOLWA EAST
KISUMU,MANYATTA 'B'
KISUMU,NYALENDA 'A'
KISUMU,KOLWA CENTRAL
KISUMU,SOUTH WEST KISUMU
KISUMU,CENTRAL KISUMU
KISUMU,KISUMU NORTH
KISUMU,WEST KISUMU
KISUMU,NORTH WEST KISUMU
KISUMU,RAILWAYS
KISUMU,MIGOSI
KISUMU,SHAURIMOYO KALOLENI
KISUMU,MARKET MILIMANI
KISUMU,KONDELE
KISUMU,NYALENDA B
KISUMU,WEST SEME
KISUMU,CENTRAL SEME
KISUMU,EAST SEME
KISUMU,NORTH SEME
KISUMU,EAST KANO/WAWIDHI
KISUMU,AWASI/ONJIKO
KISUMU,AHERO
KISUMU,KABONYO/KANYAGWAL
KISUMU,KOBURA
KISUMU,MIWANI
KISUMU,OMBEYI
KISUMU,MASOGO/NYANG'OMA
KISUMU,CHEMELIL
KISUMU,MUHORONI/KORU
KISUMU,SOUTH WEST NYAKACH
KISUMU,NORTH NYAKACH
KISUMU,CENTRAL NYAKACH
KISUMU,WEST NYAKACH
KISUMU,SOUTH EAST NYAKACH
HOMA BAY,WEST KASIPUL
HOMA BAY,SOUTH KASIPUL
HOMA BAY,CENTRAL KASIPUL
HOMA BAY,EAST KAMAGAK
HOMA BAY,WEST KAMAGAK
HOMA BAY,KABONDO EAST
HOMA BAY,KABONDO WEST
HOMA BAY,KOKWANYO/KAKELO
HOMA BAY,KOJWACH
HOMA BAY,WEST KARACHUONYO
HOMA BAY,NORTH KARACHUONYO
HOMA BAY,CENTRAL
HOMA BAY,KANYALUO
HOMA BAY,KIBIRI
HOMA BAY,WANGCHIENG
HOMA BAY,KENDU BAY TOWN
HOMA BAY,WEST GEM
HOMA BAY,EAST GEM
HOMA BAY,KAGAN
HOMA BAY,KOCHIA
HOMA BAY,HOMA BAY CENTRAL
HOMA BAY,HOMA BAY ARUJO
HOMA BAY,HOMA BAY WEST
HOMA BAY,HOMA BAY EAST
HOMA BAY,KWABWAI
HOMA BAY,KANYADOTO
HOMA BAY,KANYIKELA
HOMA BAY,NORTH KABUOCH
HOMA BAY,KABUOCH SOUTH/PALA
HOMA BAY,KANYAMWA KOLOGI
HOMA BAY,KANYAMWA KOSEWE
HOMA BAY,MFANGANO ISLAND
HOMA BAY,RUSINGA ISLAND
HOMA BAY,KASGUNGA
HOMA BAY,GEMBE
HOMA BAY,LAMBWE
HOMA BAY,GWASSI SOUTH
HOMA BAY,GWASSI NORTH
HOMA BAY,KAKSINGRI WEST
HOMA BAY,RUMA KAKSINGRI EAST
MIGORI,NORTH KAMAGAMBO
MIGORI,CENTRAL KAMAGAMBO
MIGORI,EAST KAMAGAMBO
MIGORI,SOUTH KAMAGAMBO
MIGORI,NORTH SAKWA
MIGORI,SOUTH SAKWA
MIGORI,WEST SAKWA
MIGORI,CENTRAL SAKWA
MIGORI,GOD JOPE
MIGORI,SUNA CENTRAL
MIGORI,KAKRAO
MIGORI,KWA
MIGORI,WIGA
MIGORI,WASWETA II
MIGORI,RAGANA-ORUBA
MIGORI,WASIMBETE
MIGORI,WEST KANYAMKAGO
MIGORI,NORTH KANYAMKAGO
MIGORI,CENTRAL KANYAMKAGO
MIGORI,SOUTH KANYAMKAGO
MIGORI,EAST KANYAMKAGO
MIGORI,KACHIEN'G
MIGORI,KANYASA
MIGORI,NORTH KADEM
MIGORI,MACALDER/KANYARWANDA
MIGORI,KALER
MIGORI,GOT KACHOLA
MIGORI,MUHURU
MIGORI,BUKIRA EAST
MIGORI,BUKIRA CENTRL/IKEREGE
MIGORI,ISIBANIA
MIGORI,MAKERERO
MIGORI,MASABA
MIGORI,TAGARE
MIGORI,NYAMOSENSE/KOMOSOKO
MIGORI,GOKEHARAKA/GETAMBWEGA
MIGORI,NTIMARU WEST
MIGORI,NTIMARU EAST
MIGORI,NYABASI EAST
MIGORI,NYABASI WEST
KISII,BOMARIBA
KISII,BOGIAKUMU
KISII,BOMORENDA
KISII,RIANA
KISII,TABAKA
KISII,BOIKANG'A
KISII,BOGETENGA
KISII,BORABU / CHITAGO
KISII,MOTICHO
KISII,GETENGA
KISII,BOMBABA BORABU
KISII,BOOCHI BORABU
KISII,BOKIMONGE
KISII,MAGENCHE
KISII,MASIGE WEST
KISII,MASIGE EAST
KISII,BOBASI CENTRAL
KISII,NYACHEKI
KISII,BOBASI BOGETAORIO
KISII,BOBASI CHACHE
KISII,SAMETA/MOKWERERO
KISII,BOBASI BOITANGARE
KISII,MAJOGE
KISII,BOOCHI/TENDERE
KISII,BOSOTI/SENGERA
KISII,ICHUNI
KISII,NYAMASIBI
KISII,MASIMBA
KISII,GESUSU
KISII,KIAMOKAMA
KISII,BOBARACHO
KISII,KISII CENTRAL
KISII,KEUMBU
KISII,KIOGORO
KISII,BIRONGO
KISII,IBENO
KISII,MONYERERO
KISII,SENSI
KISII,MARANI
KISII,KEGOGI
KISII,BOGUSERO
KISII,BOGEKA
KISII,NYAKOE
KISII,KITUTU   CENTRAL
KISII,NYATIEKO
NYAMIRA,RIGOMA
NYAMIRA,GACHUBA
NYAMIRA,KEMERA
NYAMIRA,MAGOMBO
NYAMIRA,MANGA
NYAMIRA,GESIMA
NYAMIRA,NYAMAIYA
NYAMIRA,BOGICHORA
NYAMIRA,BOSAMARO
NYAMIRA,BONYAMATUTA
NYAMIRA,TOWNSHIP
NYAMIRA,ITIBO
NYAMIRA,BOMWAGAMO
NYAMIRA,BOKEIRA
NYAMIRA,MAGWAGWA
NYAMIRA,EKERENYO
NYAMIRA,MEKENENE
NYAMIRA,KIABONYORU
NYAMIRA,NYANSIONGO
NYAMIRA,ESISE
NAIROBI,KITISURU
NAIROBI,PARKLANDS/HIGHRIDGE
NAIROBI,KARURA
NAIROBI,KANGEMI
NAIROBI,MOUNTAIN VIEW
NAIROBI,KILIMANI
NAIROBI,KAWANGWARE
NAIROBI,GATINA
NAIROBI,KILELESHWA
NAIROBI,KABIRO
NAIROBI,MUTUINI
NAIROBI,NGANDO
NAIROBI,RIRUTA
NAIROBI,UTHIRU/RUTHIMITU
NAIROBI,WAITHAKA
NAIROBI,KAREN
NAIROBI,NAIROBI WEST
NAIROBI,MUGUMO-INI
NAIROBI,SOUTH-C
NAIROBI,NYAYO HIGHRISE
NAIROBI,LAINI SABA
NAIROBI,LINDI
NAIROBI,MAKINA
NAIROBI,WOODLEY/KENYATTA GOLF
NAIROBI,SARANGOMBE
NAIROBI,GITHURAI
NAIROBI,KAHAWA WEST
NAIROBI,ZIMMERMAN
NAIROBI,ROYSAMBU
NAIROBI,KAHAWA
NAIROBI,CLAYCITY
NAIROBI,MWIKI
NAIROBI,KASARANI
NAIROBI,NJIRU
NAIROBI,RUAI
NAIROBI,BABA DOGO
NAIROBI,UTALII
NAIROBI,MATHARE NORTH
NAIROBI,LUCKY SUMMER
NAIROBI,KOROGOCHO
NAIROBI,IMARA DAIMA
NAIROBI,KWA NJENGA
NAIROBI,KWA REUBEN
NAIROBI,PIPELINE
NAIROBI,KWARE
NAIROBI,KARIOBANGI NORTH
NAIROBI,DANDORA AREA I
NAIROBI,DANDORA AREA II
NAIROBI,DANDORA AREA III
NAIROBI,DANDORA AREA IV
NAIROBI,KAYOLE NORTH
NAIROBI,KAYOLE CENTRAL
NAIROBI,KAYOLE SOUTH
NAIROBI,KOMAROCK
NAIROBI,MATOPENI
NAIROBI,UPPER SAVANNAH
NAIROBI,LOWER SAVANNAH
NAIROBI,EMBAKASI
NAIROBI,UTAWALA
NAIROBI,MIHANGO
NAIROBI,UMOJA I
NAIROBI,UMOJA II
NAIROBI,MOWLEM
NAIROBI,KARIOBANGI SOUTH
NAIROBI,MAKONGENI
NAIROBI,MARINGO/HAMZA
NAIROBI,HARAMBEE
NAIROBI,VIWANDANI
NAIROBI,PUMWANI
NAIROBI,EASTLEIGH NORTH
NAIROBI,EASTLEIGH SOUTH
NAIROBI,AIRBASE
NAIROBI,CALIFORNIA
NAIROBI,NAIROBI CENTRAL
NAIROBI,NGARA
NAIROBI,ZIWANI/KARIOKOR
NAIROBI,PANGANI
NAIROBI,LANDIMAWE
NAIROBI,NAIROBI SOUTH
NAIROBI,HOSPITAL
NAIROBI,MABATINI
NAIROBI,HURUMA
NAIROBI,NGEI
NAIROBI,MLANGO KUBWA
NAIROBI,KIAMAIKO